{"cameraMode":{"drawMode":0,"name":"Shaded","section":"Shading Mode"},"sceneLighting":false,"audioPlay":false,"sceneViewState":{"showFog":true,"showMaterialUpdate":false,"showSkybox":false,"showFlares":true,"showImageEffects":true,"showParticleSystems":true,"showVisualEffectGraphs":true,"m_FxEnabled":true},"in2DMode":false,"pivot":{"x":-0.09807205200195313,"y":1.5502362251281739,"z":0.08012396097183228},"rotation":{"x":-0.0689220204949379,"y":0.9032227396965027,"z":-0.15756221115589143,"w":-0.3936085104942322},"size":3.7887420654296877,"orthographic":false}