{"cameraMode":{"drawMode":0,"name":"Shaded","section":"Shading Mode"},"sceneLighting":true,"audioPlay":false,"sceneViewState":{"showFog":true,"showMaterialUpdate":false,"showSkybox":true,"showFlares":true,"showImageEffects":true,"showParticleSystems":true},"in2DMode":false,"pivot":{"x":-9.130000114440918,"y":2.3309736251831056,"z":4.991104602813721},"rotation":{"x":0.16534417867660523,"y":-0.8332643508911133,"z":0.3457525372505188,"w":0.3985246419906616},"size":12.748270034790039,"orthographic":false}