{"cameraMode":{"drawMode":0,"name":"Shaded","section":"Shading Mode"},"sceneLighting":false,"audioPlay":false,"sceneViewState":{"showFog":true,"showMaterialUpdate":false,"showSkybox":false,"showFlares":true,"showImageEffects":true,"showParticleSystems":true},"in2DMode":false,"pivot":{"x":-3.268343448638916,"y":6.141350746154785,"z":-0.21468140184879304},"rotation":{"x":-0.05466383323073387,"y":-0.6997356414794922,"z":0.053854797035455707,"w":-0.7103049755096436},"size":0.9802693724632263,"orthographic":false}