{"cameraMode":{"drawMode":0,"name":"Shaded","section":"Shading Mode"},"sceneLighting":false,"audioPlay":false,"sceneViewState":{"showFog":true,"showMaterialUpdate":false,"showSkybox":false,"showFlares":true,"showImageEffects":true,"showParticleSystems":true},"in2DMode":false,"pivot":{"x":2.5384817123413088,"y":1.3128736019134522,"z":11.60350227355957},"rotation":{"x":-0.133464515209198,"y":-0.2853047251701355,"z":0.04014713317155838,"w":-0.9483875036239624},"size":1.7016751766204835,"orthographic":false}