{"cameraMode":{"drawMode":0,"name":"Shaded","section":"Shading Mode"},"sceneLighting":true,"audioPlay":false,"sceneViewState":{"showFog":true,"showMaterialUpdate":false,"showSkybox":true,"showFlares":true,"showImageEffects":true,"showParticleSystems":true,"showVisualEffectGraphs":true,"m_FxEnabled":true},"in2DMode":false,"pivot":{"x":4.373625755310059,"y":3.3181848526000978,"z":2.5781822204589845},"rotation":{"x":-0.18248260021209718,"y":0.20945686101913453,"z":-0.039629075676202777,"w":-0.9599851965904236},"size":13.427251815795899,"orthographic":false}